{
  "apikey": "zVRoAnIdN8M676OCs0pFKTBXhkv3ReDPY-3TRjO2o1SO",
  "cos_hmac_keys": {
    "access_key_id": "7b74bb15d9664e508ee50dca3e19f45f",
    "secret_access_key": "88def90f64fa10817a3ac24066f47d44ac4bc90110a3617a"
  },
  "endpoints": "https://control.cloud-object-storage.cloud.ibm.com/v2/endpoints",
  "iam_apikey_description": "Auto generated apikey during resource-key operation for Instance - crn:v1:bluemix:public:cloud-object-storage:global:a/969d8efc55e14a90b71f31d8786d19e6:d8fc33f1-20fc-4fb0-89f4-641b90615052::",
  "iam_apikey_name": "auto-generated-apikey-7b74bb15-d966-4e50-8ee5-0dca3e19f45f",
  "iam_role_crn": "crn:v1:bluemix:public:iam::::serviceRole:Manager",
  "iam_serviceid_crn": "crn:v1:bluemix:public:iam-identity::a/969d8efc55e14a90b71f31d8786d19e6::serviceid:ServiceId-713d69f0-4f15-4364-a09d-98bf62d90d55",
  "resource_instance_id": "crn:v1:bluemix:public:cloud-object-storage:global:a/969d8efc55e14a90b71f31d8786d19e6:d8fc33f1-20fc-4fb0-89f4-641b90615052::"
}