CARD,Date,Description,Card Member, Amount ,Account Head, Account Subhead 
AMEX,08/11/2018,IN N OUT BURGER 160 650000009326870 - PHOENIX  AZ,Ashish Gupta,$5.76 ,,
AMEX,08/10/2018,AMAZON.COM - AMZN.COM/BILL  WA,Ashish Gupta,$41.64 ,,
AMEX,08/10/2018,MCDONALD'S - PHOENIX  AZ,Ashish Gupta,$4.33 ,,
AMEX,08/08/2018,Southwest Airlines - DALLAS  TX,Ashish Gupta,$89.98 ,,
AMEX,08/07/2018,CHICK-FIL-A #01584 000000000522355 - PHOENIX  AZ,Ashish Gupta,$17.29 ,,
AMEX,08/04/2018,TMOBILE*AUTO PAY - 800-937-8997  WA,Ashish Gupta,$132.65 ,,
AMEX,08/01/2018,AMEX EMPLOYEE GIVING AMEX EMPLOYEE G - PRINCETON  NJ,Ashish Gupta,$5.00 ,,
AMEX,08/01/2018,DOMINO'S PIZZA - PHOENIX  AZ,Ashish Gupta,$15.95 ,,
AMEX,07/30/2018,AMAZON MKTPLACE PMTS - AMZN.COM/BILL  WA,Ashish Gupta,$31.57 ,,
AMEX,07/29/2018,RELIANCE COMMUN Reliance Commun - NEW YORK  NY,Ashish Gupta,$7.59 ,,
AMEX,07/27/2018,HOMEDOCTOR PEST CONTROL 00-08030240975 - GILBERT  AZ,Ashish Gupta,($49.50),,
AMEX,07/26/2018,AMAZON MKTPLACE PMTS - AMZN.COM/BILL  WA,Ashish Gupta,$7.85 ,,
AMEX,07/26/2018,AMAZON MKTPLACE PMTS - AMZN.COM/BILL  WA,Ashish Gupta,$39.94 ,,
AMEX,07/26/2018,HOMEDOCTOR PEST CONTROL 00-08030240975 - GILBERT  AZ,Ashish Gupta,$49.50 ,,
AMEX,07/26/2018,STATE FARM INSURANCE - BLOOMINGTON  IL,Ashish Gupta,$227.96 ,,
AMEX,07/24/2018,WWW.OOMA.COM - 888-711-6662  CA,Ashish Gupta,$4.86 ,,
AMEX,08/11/2018,ALBERTSONS STORE 0981 - CHANDLER  AZ,Veenu Gupta,$6.46 ,,
AMEX,08/11/2018,SAM'S CLUB 6608 6608 - PHOENIX  AZ,Veenu Gupta,$116.61 ,,
AMEX,08/10/2018,MCDONALD'S - PHOENIX  AZ,Veenu Gupta,$2.60 ,,
AMEX,08/10/2018,SAMS CLUB FUEL#6608 6608 - PHOENIX  AZ,Veenu Gupta,$54.01 ,,
AMEX,08/10/2018,TURMERIC CASH N CARRY 0000 - PHOENIX  AZ,Veenu Gupta,$17.95 ,,
AMEX,08/08/2018,FRYS # 0698 000000698 - PHOENIX  AZ,Veenu Gupta,$5.00 ,,
AMEX,08/08/2018,SAM'S CLUB 6608 6608 - PHOENIX  AZ,Veenu Gupta,$53.36 ,,
AMEX,08/06/2018,WALGREENS - PHOENIX  AZ,Veenu Gupta,$26.76 ,,
AMEX,08/05/2018,SAMS CLUB FUEL#6608 6608 - PHOENIX  AZ,Veenu Gupta,$42.65 ,,
AMEX,08/02/2018,SAM'S CLUB 6608 6608 - PHOENIX  AZ,Veenu Gupta,$5.39 ,,
AMEX,08/02/2018,SAM'S CLUB 6608 6608 - PHOENIX  AZ,Veenu Gupta,$14.79 ,,
AMEX,08/02/2018,SAMS CLUB FUEL#6608 6608 - PHOENIX  AZ,Veenu Gupta,$46.37 ,,
AMEX,08/02/2018,TURMERIC CASH N CARRY 0000 - PHOENIX  AZ,Veenu Gupta,$53.34 ,,
AMEX,08/01/2018,OLD NAVY US 6528 - PHOENIX  AZ,Veenu Gupta,$53.19 ,,
AMEX,08/01/2018,RELIANCE COMMUN Reliance Commun - NEW YORK  NY,Veenu Gupta,$7.59 ,,
AMEX,08/01/2018,SAM'S CLUB 6608 6608 - PHOENIX  AZ,Veenu Gupta,$57.73 ,,
AMEX,07/31/2018,BAIZ MARKET - PHOENIX  AZ,Veenu Gupta,$15.56 ,,
AMEX,07/30/2018,EINSTEIN BROS BAGELS - PHOENIX  AZ,Veenu Gupta,$18.23 ,,
AMEX,07/30/2018,FANTASTIC SAMS 948907228585936 - PHOENIX  AZ,Veenu Gupta,$56.00 ,,
AMEX,07/30/2018,ROSS DRESS FOR LESS - PHOENIX  AZ,Veenu Gupta,$4.33 ,,
AMEX,07/30/2018,SPROUTS FARMERS MARKET - PHOENIX  AZ,Veenu Gupta,$8.95 ,,
AMEX,07/30/2018,ULTA - PHOENIX  AZ,Veenu Gupta,$155.49 ,,
AMEX,07/30/2018,WAL-MART SUPERCENTER 2512 2512 - PHOENIX  AZ,Veenu Gupta,$218.43 ,,
AMEX,07/29/2018,FRYS # 0698 000000698 - PHOENIX  AZ,Veenu Gupta,$7.99 ,,
AMEX,07/29/2018,TARGET - PHOENIX  AZ,Veenu Gupta,$18.45 ,,
AMEX,07/28/2018,GUITAR CENTER #152 152 - PHOENIX  AZ,Veenu Gupta,$162.89 ,,
AMEX,07/28/2018,PIZZERIA BIANCO 0097 - PHOENIX  AZ,Veenu Gupta,$15.00 ,,
AMEX,07/27/2018,KRISPY KREME - PHOENIX  AZ,Veenu Gupta,$14.11 ,,
AMEX,07/26/2018,SAMS CLUB FUEL#6608 6608 - PHOENIX  AZ,Veenu Gupta,$50.31 ,,
AMEX,07/24/2018,Dressbarn_00511 - Phoenix,Veenu Gupta,($21.71),,
AMEX,07/24/2018,ROSS DRESS FOR LESS - PHOENIX  AZ,Veenu Gupta,($17.29),,
AMEX,07/24/2018,TURMERIC CASH N CARRY 0000 - PHOENIX  AZ,Veenu Gupta,$11.72 ,,
CHASE,08/23/2018,POS DEBIT                BIRD APP                  SANTA MONICA CA,Tanmyaa Gupta,$1.75 , Commute ,BIRD
CHASE,08/23/2018,POS DEBIT                LYFT RIDE WED 8AM         SAN FRANCISC CA,Tanmyaa Gupta,$6.00 ,Commute,UBER/LYFT
CHASE,08/23/2018,POS DEBIT                PAYPAL *UBER             4029357733    CA,Tanmyaa Gupta,$4.62 ,Commute,UBER/LYFT
CHASE,08/23/2018,POS DEBIT                PAYPAL *UBER             4029357733    CA,Tanmyaa Gupta,$4.23 ,Commute,UBER/LYFT
CHASE,08/22/2018,BIRD APP 8662052442 CA                       08/21,Tanmyaa Gupta,$1.15 , Commute ,BIRD
CHASE,08/22/2018,PAYPAL *UBER 402-935-7733 CA                 08/20,Tanmyaa Gupta,$4.43 ,Commute,UBER/LYFT
CHASE,08/22/2018,PAYPAL *UBER 402-935-7733 CA                 08/21,Tanmyaa Gupta,$4.54 ,Commute,UBER/LYFT
CHASE,08/22/2018,UBER 877-223-8023 CA                         08/21,Tanmyaa Gupta,$0.50 ,Commute,UBER/LYFT
CHASE,08/21/2018,CVS/PHARMACY #05 05828 Las Angeles CA936292  08/21,Tanmyaa Gupta,$15.86 , Merchandise ,Pharmacy
CHASE,08/21/2018,TARGET T- 10861 Weybur Los Angeles CA        08/20,Tanmyaa Gupta,$24.14 , Grocery ,TARGET
CHASE,08/21/2018,LYFT RIDE MON 10AM 402-935-7733 CA           08/20,Tanmyaa Gupta,$16.00 ,Commute,UBER/LYFT
CHASE,08/21/2018,PAYPAL *UBER 402-935-7733 CA                 08/20,Tanmyaa Gupta,$3.41 ,Commute,UBER/LYFT
CHASE,08/20/2018,8113 Dominos Pizza 310-473-6575 CA           08/19,Tanmyaa Gupta,$11.49 , Restaurant ,MISC
CHASE,08/20/2018,POSTMATES THE CHEESE HTTPSPOSTMATE CA        08/19,Tanmyaa Gupta,$23.25 , Restaurant ,MISC
CHASE,08/20/2018,KOALA T CAFE LOS ANGELES CA                  08/18,Tanmyaa Gupta,$20.00 , Restaurant ,MISC
CHASE,08/20/2018,BRUIN VILLAGE THEATRES LOS ANGELES CA        08/17,Tanmyaa Gupta,$15.93 , Enter+G166tainment ,Movie Tickets
CHASE,08/20/2018,PAYPAL *UBER 402-935-7733 CA                 08/17,Tanmyaa Gupta,$5.82 ,Commute,UBER/LYFT
CHASE,08/20/2018,VENMO            CASHOUT                    PPD ID: 5264681992,Tanmyaa Gupta,($17.75),Shared Expenses,VENMO
CHASE,08/20/2018,VENMO            CASHOUT                    PPD ID: 5264681992,Tanmyaa Gupta,($27.55),Shared Expenses,VENMO
AMEX,08/19/2018,UCLA BCC WEB DEPOSIT - LOS ANGELES  CA,Tanmyaa Gupta,$10.00 ,,
AMEX,08/17/2018,FANDANGO.COM - 866-857-5191  CA,Tanmyaa Gupta,$30.00 ,Entertainment,Movie Tickets
CHASE,08/17/2018,PAYPAL *UBER 402-935-7733 CA                 08/15,Tanmyaa Gupta,$4.12 ,Commute,UBER/LYFT
CHASE,08/17/2018,PAYPAL *UBER 402-935-7733 CA                 08/15,Tanmyaa Gupta,$4.05 ,Commute,UBER/LYFT
CHASE,08/16/2018,UBER 877-223-8023 CA                         08/16,Tanmyaa Gupta,$0.50 ,Commute,UBER/LYFT
AMEX,08/15/2018,CVS PHARMACY - LOS ANGELES  CA,Tanmyaa Gupta,$7.97 ,Merchandise,Pharmacy
CHASE,08/15/2018,PAYPAL *UBER 402-935-7733 CA                 08/13,Tanmyaa Gupta,$6.48 ,Commute,UBER/LYFT
CHASE,08/15/2018,PAYPAL *UBER 402-935-7733 CA                 08/13,Tanmyaa Gupta,$1.00 ,Commute,UBER/LYFT
AMEX,08/13/2018,PANDA EXPRESS - LOS ANGELES  CA,Tanmyaa Gupta,$8.10 ,Restaurant,MISC
AMEX,08/13/2018,RALPHS - LOS ANGELES  CA,Tanmyaa Gupta,$58.95 ,Grocery,RALPH
CHASE,08/13/2018,LYFT RIDE FRI 3PM 402-935-7733 CA            08/11,Tanmyaa Gupta,$61.00 ,Commute,UBER/LYFT
CHASE,08/13/2018,PAYPAL *UBER 402-935-7733 CA                 08/10,Tanmyaa Gupta,$6.88 ,Commute,UBER/LYFT
CHASE,08/13/2018,HARLEYS SIMI BOWL SIMI VALLEY CA             08/11,Tanmyaa Gupta,$13.50 ,Restaurant,MISC
CHASE,08/13/2018,TACO BELL #3782 THOUSAND OAKS CA             08/10,Tanmyaa Gupta,$10.57 ,Restaurant,Taco Bell
CHASE,08/13/2018,TACO BELL #3782 THOUSAND OAKS CA             08/10,Tanmyaa Gupta,$8.55 ,Restaurant,Taco Bell
CHASE,08/13/2018,UBER 877-223-8023 CA                         08/11,Tanmyaa Gupta,$1.00 ,Commute,UBER/LYFT
CHASE,08/13/2018,VENMO            PAYMENT    1262424601      WEB ID: 3264681992,Tanmyaa Gupta,$35.00 ,Shared Expenses,VENMO
CHASE,08/13/2018,VENMO            PAYMENT    1262424601      WEB ID: 3264681992,Tanmyaa Gupta,$35.00 ,Shared Expenses,VENMO
CHASE,08/10/2018,PAYPAL *UBER 402-935-7733 CA                 08/08,Tanmyaa Gupta,$1.00 ,Commute,UBER/LYFT
CHASE,08/10/2018,PAYPAL *UBER 402-935-7733 CA                 08/08,Tanmyaa Gupta,$4.12 ,Commute,UBER/LYFT
CHASE,08/10/2018,PAYPAL *UBER 402-935-7733 CA                 08/09,Tanmyaa Gupta,$5.82 ,Commute,UBER/LYFT
CHASE,08/09/2018,PAYPAL *LYFT RIDE TUE 402-935-7733 CA        08/08,Tanmyaa Gupta,$3.00 ,Commute,UBER/LYFT
CHASE,08/09/2018,CHIPOTLE 1084 LOS ANGELES CA                 08/08,Tanmyaa Gupta,$10.51 ,Restaurant,MISC
CHASE,08/09/2018,VENMO            PAYMENT    1253565315      WEB ID: 3264681992,Tanmyaa Gupta,$2.00 ,Shared Expenses,VENMO
AMEX,08/08/2018,UCLA STORE 0000 - LOS ANGELES  CA,Tanmyaa Gupta,$38.27 ,Merchandise,UCLA
CHASE,08/08/2018,PAYPAL *LYFT RIDE MON 402-935-7733 CA        08/06,Tanmyaa Gupta,$7.00 ,Commute,UBER/LYFT
CHASE,08/07/2018,LYFT RIDE SUN 2PM 402-935-7733 CA            08/07,Tanmyaa Gupta,$39.00 ,Commute,UBER/LYFT
CHASE,08/07/2018,PAYPAL *UBER 402-935-7733 CA                 08/05,Tanmyaa Gupta,$6.52 ,Commute,UBER/LYFT
AMEX,08/06/2018,TATSU RAMEN 650000007933032 - LOS ANGELES  CA,Tanmyaa Gupta,$21.90 ,Restaurant,MISC
AMEX,08/06/2018,UCLA BCC WEB DEPOSIT - LOS ANGELES  CA,Tanmyaa Gupta,$10.00 ,,
CHASE,08/06/2018,JCPENNEY 1229 THOUSAND OAKS CA               08/04,Tanmyaa Gupta,$10.71 ,Merchandise,MISC
CHASE,08/06/2018,LYFT RIDE FRI 5PM 402-935-7733 CA            08/04,Tanmyaa Gupta,$6.00 ,Commute,UBER/LYFT
CHASE,08/06/2018,PAYPAL *UBER 402-935-7733 CA                 08/03,Tanmyaa Gupta,$10.00 ,Commute,UBER/LYFT
CHASE,08/06/2018,PAYPAL *UBER 402-935-7733 CA                 08/03,Tanmyaa Gupta,$6.73 ,Commute,UBER/LYFT
AMEX,08/05/2018,RALPHS - LOS ANGELES  CA,Tanmyaa Gupta,$64.13 ,Grocery,RALPH
AMEX,08/05/2018,TARGET LA WESTWOOD 2774 - LOS ANGELES  CA,Tanmyaa Gupta,$34.84 ,Grocery,TARGET
AMEX,08/03/2018,KOALA T CAFE 000000001 - LOS ANGELES  CA,Tanmyaa Gupta,$18.00 ,Restaurant,MISC
AMEX,08/03/2018,RALPHS - LOS ANGELES  CA,Tanmyaa Gupta,$66.05 ,Grocery,RALPH
AMEX,08/03/2018,TARGET LA WESTWOOD 2774 - LOS ANGELES  CA,Tanmyaa Gupta,$13.22 ,Grocery,TARGET
AMEX,08/03/2018,TARGET LA WESTWOOD 2774 - LOS ANGELES  CA,Tanmyaa Gupta,$19.62 ,Grocery,TARGET
AMEX,07/31/2018,FLIXBUSUS*FLIXBUS - SAN FRANCISCO,Tanmyaa Gupta,$26.99 ,Commute,FLIXBUS
CHASE,07/30/2018,RA SUSHI NORTH SCOTTSDA SCOTTSDALE AZ        07/28,Tanmyaa Gupta,$18.00 ,Restaurant,MISC
AMEX,07/29/2018,STARBUCKS.COM - 800-782-7282  WA,Tanmyaa Gupta,$10.00 ,Restaurant,STARBUCKS
CHASE,07/27/2018,Spotify USA 646-8375380 NY                   07/26,Tanmyaa Gupta,$5.42 ,Services,SPOTIFY
CHASE,07/27/2018,DUNKIN #346609 Q35 PHOENIX AZ                07/26,Tanmyaa Gupta,$2.27 ,Restaurant,MISC
AMEX,07/24/2018,FLOWER CHILD FLOWER CHILD - PHOENIX  AZ,Tanmyaa Gupta,$12.00 ,Restaurant,MISC
CHASE,07/23/2018,PP*BELLRD62NDP SCOTTSDALE AZ                 07/21,Tanmyaa Gupta,$14.66 ,,
CHASE,07/19/2018,PANERA BREAD #601925 PHOENIX AZ              07/18,Tanmyaa Gupta,$22.55 ,Restaurant,MISC
CHASE,07/18/2018,CLAIRE'S #1138 7014 E SCOTTSDALE AZ  813492  07/18,Tanmyaa Gupta,$21.58 ,Merchandise,MISC
CHASE,07/17/2018,MCDONALD'S F11064 SCOTTSDALE AZ              07/15,Tanmyaa Gupta,$3.26 ,Restaurant,MCD
CHASE,07/16/2018,SLOAN'S ICE CREAM WEST PALM BEA FL           07/14,Tanmyaa Gupta,$7.57 ,,
CHASE,07/13/2018,QUEEN NAILS PHOENIX AZ                       07/12,Tanmyaa Gupta,$63.00 ,Merchandise,MISC
CHASE,07/12/2018,ULTA #37 PHOENIX AZ                          07/12,Tanmyaa Gupta,$32.54 ,Merchandise,MISC
CHASE,07/09/2018,STARBUCKS STORE 00540 SAN DIEGO CA           07/07,Tanmyaa Gupta,$14.65 ,Restaurant,STARBUCKS
CHASE,07/09/2018,PAYPAL *LYFT PENDING 402-935-7733 CA         07/05,Tanmyaa Gupta,$5.54 ,Commute,UBER/LYFT
CHASE,07/09/2018,PAYPAL *LYFT RIDE WED 402-935-7733 CA        07/05,Tanmyaa Gupta,$0.46 ,Commute,UBER/LYFT
CHASE,07/06/2018,PAYPAL *LYFT PENDING 402-935-7733 CA         07/04,Tanmyaa Gupta,$6.28 ,Commute,UBER/LYFT
CHASE,07/06/2018,PAYPAL *LYFT RIDE WED 402-935-7733 CA        07/04,Tanmyaa Gupta,$0.72 ,Commute,UBER/LYFT
CHASE,07/05/2018,POSTMATES SUSHI STATIO 8778877815 CA         07/04,Tanmyaa Gupta,$28.20 ,Restaurant,MISC
CHASE,07/03/2018,TARGET T- 16806 N 7th PHOENIX AZ             07/03,Tanmyaa Gupta,$4.83 ,Merchandise,TARGET
CHASE,07/03/2018,ROSS STORE #340 PHOENIX AZ                   07/03,Tanmyaa Gupta,$33.12 ,Merchandise,ROSS
CHASE,07/03/2018,SQ *THE BAKED BEAR TEMP Tempe AZ             07/02,Tanmyaa Gupta,$3.78 ,Restaurant,MISC
CHASE,07/03/2018,STARBUCKS STORE 05340 TEMPE AZ               07/02,Tanmyaa Gupta,$3.51 ,Restaurant,STARBUCKS
CHASE,07/03/2018,DOWNTOWN TEMPE AUTHORIT TEMPE AZ             07/02,Tanmyaa Gupta,$3.00 ,Services,MISC
CHASE,07/02/2018,SQ *HOT BAMBOO GOSQ.COM Tucson AZ            07/01,Tanmyaa Gupta,$6.00 ,,
CHASE,07/02/2018,TARGET T- 16806 N 7th PHOENIX AZ             06/30,Tanmyaa Gupta,$16.06 ,Merchandise,TARGET
CHASE,06/29/2018,FLOS NEW ASIAN CUISINE SCOTTSDALE AZ         06/29,Tanmyaa Gupta,$16.00 ,Restaurant,MISC
CHASE,06/27/2018,KRAVMAGA & FITNESS CTR PHOENIX AZ    551657  06/27,Tanmyaa Gupta,$65.00 ,Services,SPORTS CLASSES
CHASE,06/27/2018,FLOWER CHILD PHOENIX AZ                      06/26,Tanmyaa Gupta,$3.26 ,Restaurant,MISC
CHASE,06/27/2018,FLOWER CHILD PHOENIX AZ                      06/26,Tanmyaa Gupta,$15.00 ,Restaurant,MISC
CHASE,06/27/2018,Spotify USA 646-8375380 NY                   06/26,Tanmyaa Gupta,$5.42 ,Services,SPOTIFY
CHASE,06/25/2018,CHARMING CHARLIE - 205 PHOENIX AZ    506201  06/24,Tanmyaa Gupta,$15.20 ,Merchandise,MISC
CHASE,06/25/2018,TOMS THUMB FRESH MRKT SCOTTSDALE AZ          06/22,Tanmyaa Gupta,$3.46 ,Restaurant,MISC
CHASE,06/22/2018,ROSS STORES #543 PHOENIX AZ                  06/22,Tanmyaa Gupta,$54.27 ,Merchandise,ROSS
CHASE,06/22/2018,XI CLOTHING CO PHOENIX AZ                    06/22,Tanmyaa Gupta,$33.34 ,Merchandise,Clothes
CHASE,06/21/2018,SQ *LA GATTARA CAT CAFE gosq.com AZ          06/20,Tanmyaa Gupta,$20.00 ,Restaurant,MISC
CHASE,06/19/2018,PP*DUTCHBROSCO SCOTTSDALE AZ                 06/18,Tanmyaa Gupta,$10.50 ,Restaurant,MISC
CHASE,06/15/2018,PAYPAL *LYFT PENDING 402-935-7733 CA         06/14,Tanmyaa Gupta,$5.45 ,Commute,UBER/LYFT
CHASE,06/15/2018,PAYPAL *LYFT RIDE WED 402-935-7733 CA        06/14,Tanmyaa Gupta,$0.55 ,Commute,UBER/LYFT
CHASE,06/15/2018,PAYPAL *UBER 402-935-7733 CA                 06/14,Tanmyaa Gupta,$3.69 ,Commute,UBER/LYFT
CHASE,06/13/2018,USA*UCLA VENDING SERVI LOS ANGELES CA        06/13,Tanmyaa Gupta,$1.25 ,Restaurant,Vending
CHASE,06/13/2018,POSTMATES TIP 8778877815 CA                  06/12,Tanmyaa Gupta,$5.00 ,Restaurant,MISC
CHASE,06/13/2018,POSTMATES TACO BELL 8778877815 CA            06/12,Tanmyaa Gupta,$14.78 ,Restaurant,MISC
CHASE,06/12/2018,USA*UCLA VENDING SERVI LOS ANGELES CA        06/11,Tanmyaa Gupta,$1.25 ,Restaurant,Vending
CHASE,06/11/2018,VENMO            PAYMENT    1133513026      WEB ID: 3264681992,Tanmyaa Gupta,$3.00 ,Shared Expenses,VENMO
CHASE,06/11/2018,POSTMATES TASTY WOK CU 8778877815 CA         06/09,Tanmyaa Gupta,$21.78 ,Restaurant,MISC
CHASE,06/08/2018,USA*UCLA VENDING SERVI LOS ANGELES CA        06/07,Tanmyaa Gupta,$1.25 ,Restaurant,Vending
CHASE,06/08/2018,BIRD APP 8662052442 CA                       06/07,Tanmyaa Gupta,$2.50 ,Services,MISC
CHASE,06/07/2018,VENMO            CASHOUT                    PPD ID: 5264681992,Tanmyaa Gupta,($45.91),Shared Expenses,VENMO
CHASE,06/05/2018,POSTMATES SUBWAYR 8778877815 CA              06/04,Tanmyaa Gupta,$16.00 ,Restaurant,MISC
CHASE,06/04/2018,PAYPAL *LYFT PENDING 402-935-7733 CA         06/02,Tanmyaa Gupta,$5.80 ,Commute,UBER/LYFT
CHASE,06/04/2018,PAYPAL *LYFT RIDE FRI 402-935-7733 CA        06/02,Tanmyaa Gupta,$0.20 ,Commute,UBER/LYFT
CHASE,06/04/2018,PAYPAL *UBER 402-935-7733 CA                 06/01,Tanmyaa Gupta,$6.25 ,Commute,UBER/LYFT
CHASE,06/04/2018,VENMO            PAYMENT    1115483416      WEB ID: 3264681992,Tanmyaa Gupta,$46.00 ,Shared Expenses,VENMO
CHASE,06/04/2018,VENMO            PAYMENT    1116533154      WEB ID: 3264681992,Tanmyaa Gupta,$51.00 ,Shared Expenses,VENMO
CHASE,06/01/2018,TARGET T- 10861 Weybur LOS ANGELES CA        06/01,Tanmyaa Gupta,$6.10 ,Merchandise,TARGET
CHASE,06/01/2018,USA*UCLA VENDING SERVI LOS ANGELES CA        05/31,Tanmyaa Gupta,$3.25 ,Restaurant,Vending
