Details,,Posting Date,Rent Month, Amount ,Description,Comments,
DSLIP,,01/16/2018,01/01/2018," $1,400.00 ",DEPOSIT  ID NUMBER 813671,,
CREDIT,,02/26/2018,02/01/2018," $1,400.00 ",TRANSFER FROM CHK XXXXXX0553,,
DSLIP,,03/27/2018,03/01/2018," $1,400.00 ",DEPOSIT  ID NUMBER 673284,,
,,,,,,,
DSLIP,,05/01/2018,04/01/2018," $1,400.00 ",DEPOSIT  ID NUMBER 822705,,
DSLIP,,06/01/2018,05/01/2018," $1,400.00 ",DEPOSIT  ID NUMBER 979343,,
DSLIP,,07/03/2018,06/01/2018," $1,400.00 ",DEPOSIT  ID NUMBER 424567,,
CREDIT,,08/27/2018,, $715.00 ,TRANSFER FROM CHK XXXXXX0553,,
CREDIT,,09/04/2018,, $455.00 ,TRANSFER FROM CHK XXXXXX0553,,
CREDIT,,09/07/2018,, $130.00 ,TRANSFER FROM CHK XXXXXX0553,,
CREDIT,,09/10/2018,07/01/2018, $100.00 ,TRANSFER FROM CHK XXXXXX0553,,
DSLIP,,09/18/2018,, $700.00 ,DEPOSIT  ID NUMBER 663289,,
CREDIT,,09/28/2018,08/01/2018, $700.00 ,TRANSFER FROM CHK XXXXXX0553,,
CREDIT,,10/09/2018,, $200.00 ,TRANSFER FROM CHK XXXXXX6152,,4500
CREDIT,,10/29/2018,," $1,000.00 ",TRANSFER FROM CHK XXXXXX0553,,
CREDIT,,11/02/2018,09/01/2018, $325.00 ,TRANSFER FROM CHK XXXXXX0553,$125 Additional,
CREDIT,,11/07/2018,, $200.00 ,TRANSFER FROM CHK XXXXXX0553,$200 Additional,
CREDIT,,12/03/2018,10/01/2018," $1,400.00 ",TRANSFER FROM CHK XXXXXX0553,,
