06/01/2019  Sat,,"AMEX EMPLOYEE GIVING*AMEX EMPLOYEE GIV - PRINCETON, NJ","Ashish Gupta","XXXX-XXXXXX-88009",,,5.00,,,,,,,,
06/02/2019  Sun,,"PAYPAL *BLINQ EBAY - 4029357733, TN","Ashish Gupta","XXXX-XXXXXX-88009",,,743.39,,,,,,,,
06/03/2019  Mon,,"CIGNA PHARMACY - HORSHAM, PA","Ashish Gupta","XXXX-XXXXXX-88009",,,28.97,,,,,,,,
06/04/2019  Tue,,"TMOBILE*AUTO PAY - 800-937-8997, WA","Ashish Gupta","XXXX-XXXXXX-88009",,,144.73,,,,,,,,
06/05/2019  Wed,,"BT*SHRINERSHOSPITALS - TAMPA, FL","Ashish Gupta","XXXX-XXXXXX-88009",,,19.00,,,,,,,,
06/07/2019  Fri,,"PAYPAL *MEDDELASRI - 4029357733, MA","Ashish Gupta","XXXX-XXXXXX-88009",,,6.99,,,,,,,,
06/08/2019  Sat,,"PAYPAL *WYNTECHINC - 4029357733, PA","Ashish Gupta","XXXX-XXXXXX-88009",,,17.99,,,,,,,,
06/10/2019  Mon,,"PAYPAL *SERGE LYSOV - 4029357733, MD","Ashish Gupta","XXXX-XXXXXX-88009",,,12.65,,,,,,,,
06/11/2019  Tue,,"PAYPAL *BLINQ EBAY - 4029357733, TN","Ashish Gupta","XXXX-XXXXXX-88009",,,-25.00,,,,,,,,
06/11/2019  Tue,,"PAYPAL *BLINQ EBAY - 4029357733, TN","Ashish Gupta","XXXX-XXXXXX-88009",,,-25.00,,,,,,,,
06/11/2019  Tue,,"PAYPAL *BLINQ EBAY - 4029357733, TN","Ashish Gupta","XXXX-XXXXXX-88009",,,-25.00,,,,,,,,
06/12/2019  Wed,*,"1.8 % TRANSACTION FEE ON RAIL TICKETS - GURGAON, HA","Ashish Gupta","XXXX-XXXXXX-88009",,,-0.24,,,,,,,,
06/12/2019  Wed,,"CIGNA PHARMACY - HORSHAM, PA","Ashish Gupta","XXXX-XXXXXX-88009",,,302.14,,,,,,,,
06/12/2019  Wed,*,"GST/IGST @18% ON IRCTC CONVENIENCE FEE - GURGAON, HA","Ashish Gupta","XXXX-XXXXXX-88009",,,-0.04,,,,,,,,
06/12/2019  Wed,*,"IRCTC - Delhi, IN","Ashish Gupta","XXXX-XXXXXX-88009",,,-13.56,,,,,,,,
06/12/2019  Wed,,"SLING TV - ENGLEWOOD, CO","Ashish Gupta","XXXX-XXXXXX-88009",,,29.99,,,,,,,,
06/12/2019  Wed,,"UCLA RESTAURANTS 0000 - LOS ANGELES, CA","Tanmyaa Gupta","XXXX-XXXXXX-82028",,,18.28,,,,,,,,
06/15/2019  Sat,,"GUISADOS - West Hollywood, CA","Tanmyaa Gupta","XXXX-XXXXXX-82028",,,19.38,,,,,,,,
06/16/2019  Sun,,"ABM ONSITE WESTFIELD MALL 084870020705 - LOS ANGELES, CA","Tanmyaa Gupta","XXXX-XXXXXX-82028",,,4.00,,,,,,,,
06/17/2019  Mon,,"ELYSEE BAKERY & CAFE 0000 - LOS ANGELES, CA","Tanmyaa Gupta","XXXX-XXXXXX-82028",,,14.56,,,,,,,,
06/17/2019  Mon,,"FRYS # 0698 000000698 - PHOENIX, AZ","Tanmyaa Gupta","XXXX-XXXXXX-82028",,,6.99,,,,,,,,
06/17/2019  Mon,,"NETFLIX.COM - 866-579-7172, CA","Ashish Gupta","XXXX-XXXXXX-88009",,,14.11,,,,,,,,
06/17/2019  Mon,,"PP*DUTCHBROSCO - SCOTTSDALE, AZ","Tanmyaa Gupta","XXXX-XXXXXX-82028",,,6.85,,,,,,,,
06/18/2019  Tue,,"AUTOPAY PAYMENT - THANK YOU","Ashish Gupta","XXXX-XXXXXX-88009",,,-677.78,,,,,,,,
06/19/2019  Wed,,"PP*BELLRD62NDP - SCOTTSDALE, AZ","Tanmyaa Gupta","XXXX-XXXXXX-82028",,,4.85,,,,,,,,
06/19/2019  Wed,,"WAL-MART SUPERCENTER 1598 1598 - PHOENIX, AZ","Tanmyaa Gupta","XXXX-XXXXXX-82028",,,7.38,,,,,,,,
06/20/2019  Thu,,"SAMS CLUB FUEL#6608 6608 - PHOENIX, AZ","Veenu Gupta","XXXX-XXXXXX-84016",,,35.25,,,,,,,,
06/20/2019  Thu,,"SIX FLAGS PHOENIX LLC 0000 - GLENDALE, AZ","Tanmyaa Gupta","XXXX-XXXXXX-82028",,,49.95,,,,,,,,
06/22/2019  Sat,,"STARBUCKS T3 SOUTH P - PHOENIX, AZ","Tanmyaa Gupta","XXXX-XXXXXX-82028",,,5.81,,,,,,,,
06/24/2019  Mon,,"RELIANCE COMMUN Reliance Commun - NEW YORK, NY","Ashish Gupta","XXXX-XXXXXX-88009",,,7.61,,,,,,,,
06/24/2019  Mon,,"WWW.OOMA.COM - 888-711-6662, CA","Ashish Gupta","XXXX-XXXXXX-88009",,,5.23,,,,,,,,
06/26/2019  Wed,,"PAYPAL *SERGE LYSOV - 4029357733, MD","Ashish Gupta","XXXX-XXXXXX-88009",,,-12.65,,,,,,,,
06/26/2019  Wed,,"STATE FARM INSURANCE - BLOOMINGTON, IL","Ashish Gupta","XXXX-XXXXXX-88009",,,121.64,,,,,,,,
07/01/2019  Mon,,"AMEX EMPLOYEE GIVING*AMEX EMPLOYEE GIV - PRINCETON, NJ","Ashish Gupta","XXXX-XXXXXX-88009",,,5.00,,,,,,,,
07/04/2019  Thu,,"TMOBILE*AUTO PAY - 800-937-8997, WA","Ashish Gupta","XXXX-XXXXXX-88009",,,144.73,,,,,,,,
07/05/2019  Fri,,"BT*SHRINERSHOSPITALS - TAMPA, FL","Ashish Gupta","XXXX-XXXXXX-88009",,,19.00,,,,,,,,
07/07/2019  Sun,,"LYFT *RIDE SUN 12AM - SAN FRANCISCO, CA","Ashish Gupta","XXXX-XXXXXX-88009",,,51.69,,,,,,,,
07/09/2019  Tue,,"FRYS # 0698 000000698 - PHOENIX, AZ","Tanmyaa Gupta","XXXX-XXXXXX-82028",,,2.50,,,,,,,,
07/09/2019  Tue,,"FRYS # 0698 000000698 - PHOENIX, AZ","Tanmyaa Gupta","XXXX-XXXXXX-82028",,,28.93,,,,,,,,
07/09/2019  Tue,,"TACO BELL - GLENDALE, AZ","Tanmyaa Gupta","XXXX-XXXXXX-82028",,,4.18,,,,,,,,
07/10/2019  Wed,,"AIRBNB - SAN FRANCISCO, CA","Ashish Gupta","XXXX-XXXXXX-88009",,,-16.39,,,,,,,,
07/11/2019  Thu,,"SAMS CLUB FUEL#6608 6608 - PHOENIX, AZ","Veenu Gupta","XXXX-XXXXXX-84016",,,42.50,,,,,,,,
07/12/2019  Fri,,"MCDONALD'S - PHOENIX, AZ","Tanmyaa Gupta","XXXX-XXXXXX-82028",,,7.60,,,,,,,,
07/12/2019  Fri,,"PP*BELLRD62NDP - SCOTTSDALE, AZ","Tanmyaa Gupta","XXXX-XXXXXX-82028",,,4.85,,,,,,,,
07/12/2019  Fri,,"SAFEWAY - PHOENIX, AZ","Tanmyaa Gupta","XXXX-XXXXXX-82028",,,3.99,,,,,,,,
07/12/2019  Fri,,"SAMS CLUB FUEL#6609 6609 - PALM DESERT, CA","Veenu Gupta","XXXX-XXXXXX-84016",,,39.67,,,,,,,,
07/15/2019  Mon,,"MR NOODLE - LOS ANGELE - PLAYA VISTA, CA","Tanmyaa Gupta","XXXX-XXXXXX-82028",,,24.99,,,,,,,,
07/16/2019  Tue,,"PANDA EXPRESS - LOS ANGELES, CA","Tanmyaa Gupta","XXXX-XXXXXX-82028",,,9.00,,,,,,,,
07/17/2019  Wed,,"NETFLIX.COM - 866-579-7172, CA","Ashish Gupta","XXXX-XXXXXX-88009",,,14.11,,,,,,,,
07/18/2019  Thu,*,"1.8 % TRANSACTION FEE ON RAIL TICKETS - GURGAON, HA","Ashish Gupta","XXXX-XXXXXX-88009",,,0.51,,,,,,,,
07/18/2019  Thu,,"AUTOPAY PAYMENT - THANK YOU","Ashish Gupta","XXXX-XXXXXX-88009",,,-1730.43,,,,,,,,
07/18/2019  Thu,*,"GST/IGST @18% ON IRCTC CONVENIENCE FEE - GURGAON, HA","Ashish Gupta","XXXX-XXXXXX-88009",,,0.09,,,,,,,,
07/18/2019  Thu,*,"IRCTC - Delhi, IN","Ashish Gupta","XXXX-XXXXXX-88009",,,28.26,,,,,,,,
07/18/2019  Thu,,"MINISTRY OF COFFEE LLC 0000 - LOS ANGELES, CA","Tanmyaa Gupta","XXXX-XXXXXX-82028",,,9.00,,,,,,,,
07/19/2019  Fri,,"Amazon Prime - Amazon.com, WA","Ashish Gupta","XXXX-XXXXXX-88009",,,129.23,,,,,,,,
07/19/2019  Fri,,"SHAKE SHACK - CA, CENTURY CITY 66 SHAK - LOS ANGELES, CA","Tanmyaa Gupta","XXXX-XXXXXX-82028",,,54.02,,,,,,,,
07/19/2019  Fri,,"UCLA SELFSERVE PARK 0000 - LOS ANGELES, CA","Tanmyaa Gupta","XXXX-XXXXXX-82028",,,3.00,,,,,,,,
07/20/2019  Sat,,"ABM ONSITE WESTFIELD MALL 084870020705 - LOS ANGELES, CA","Tanmyaa Gupta","XXXX-XXXXXX-82028",,,3.00,,,,,,,,
07/21/2019  Sun,,"TACO BELL - MORRO BAY, CA","Tanmyaa Gupta","XXXX-XXXXXX-82028",,,7.00,,,,,,,,
07/22/2019  Mon,,"AMORINO GELATO AL NATURALE - Livermore, CA","Tanmyaa Gupta","XXXX-XXXXXX-82028",,,19.00,,,,,,,,
07/23/2019  Tue,,"IN N OUT BURGER 124 650000009326466 - PLEASANTON, CA","Tanmyaa Gupta","XXXX-XXXXXX-82028",,,7.76,,,,,,,,
07/24/2019  Wed,,"RELIANCE COMMUN Reliance Commun - NEW YORK, NY","Ashish Gupta","XXXX-XXXXXX-88009",,,7.61,,,,,,,,
07/24/2019  Wed,,"WWW.OOMA.COM - 888-711-6662, CA","Ashish Gupta","XXXX-XXXXXX-88009",,,5.23,,,,,,,,
07/25/2019  Thu,,"DIM SUM CORNER - San Francisco, CA","Tanmyaa Gupta","XXXX-XXXXXX-82028",,,6.42,,,,,,,,
07/26/2019  Fri,*,"HOTEL ON BOOKING.COM - AMSTERDAM, NL","Ashish Gupta","XXXX-XXXXXX-88009",,,55.75,,,,,,,,
07/26/2019  Fri,,"STATE FARM INSURANCE - BLOOMINGTON, IL","Ashish Gupta","XXXX-XXXXXX-88009",,,355.31,,,,,,,,
07/27/2019  Sat,,"MUIR SPACE 4288 4288 - MILL VALLEY, CA","Tanmyaa Gupta","XXXX-XXXXXX-82028",,,8.00,,,,,,,,
07/28/2019  Sun,,"SAMS CLUB FUEL#6610 6610 - CHINO, CA","Veenu Gupta","XXXX-XXXXXX-84016",,,54.54,,,,,,,,
07/29/2019  Mon,,"PANDA EXPRESS - LOS ANGELES, CA","Tanmyaa Gupta","XXXX-XXXXXX-82028",,,7.23,,,,,,,,
07/30/2019  Tue,*,"BASIC BIO SUPERMARKT - MUENCHEN, DE","Ashish Gupta","XXXX-XXXXXX-88009",,,2.55,,,,,,,,
07/30/2019  Tue,*,"BASIC BIO SUPERMARKT - MUENCHEN, DE","Ashish Gupta","XXXX-XXXXXX-88009",,,3.15,,,,,,,,
07/31/2019  Wed,,"CORNER BAKERY CAFE - LOS ANGELES, CA","Tanmyaa Gupta","XXXX-XXXXXX-82028",,,2.49,,,,,,,,
07/31/2019  Wed,,"RALPHS - LOS ANGELES, CA","Tanmyaa Gupta","XXXX-XXXXXX-82028",,,5.38,,,,,,,,
08/01/2019  Thu,,"AMEX EMPLOYEE GIVING*AMEX EMPLOYEE GIV - PRINCETON, NJ","Ashish Gupta","XXXX-XXXXXX-88009",,,5.00,,,,,,,,
08/01/2019  Thu,,"PANDA EXPRESS - LOS ANGELES, CA","Tanmyaa Gupta","XXXX-XXXXXX-82028",,,8.76,,,,,,,,
08/01/2019  Thu,,"UCLA RESTAURANTS 0000 - LOS ANGELES, CA","Tanmyaa Gupta","XXXX-XXXXXX-82028",,,3.95,,,,,,,,
08/02/2019  Fri,*,"AKTIVARENA KOLBEN - OBERAMMERGAU, DE","Ashish Gupta","XXXX-XXXXXX-88009",,,13.83,,,,,,,,
08/04/2019  Sun,,"CIGNA HEALTHCARE - PHOENIX, AZ","Veenu Gupta","XXXX-XXXXXX-84016",,,14.04,,,,,,,,
08/04/2019  Sun,,"GUISADOS - West Hollywood, CA","Tanmyaa Gupta","XXXX-XXXXXX-82028",,,7.46,,,,,,,,
08/04/2019  Sun,,"GUISADOS - West Hollywood, CA","Tanmyaa Gupta","XXXX-XXXXXX-82028",,,35.86,,,,,,,,
08/04/2019  Sun,,"PRICELINE*TRYP MUENCH - 800-774-2354, CT","Ashish Gupta","XXXX-XXXXXX-88009",,,75.97,,,,,,,,
08/04/2019  Sun,,"TMOBILE*AUTO PAY - 800-937-8997, WA","Ashish Gupta","XXXX-XXXXXX-88009",,,178.16,,,,,,,,
08/05/2019  Mon,,"AMC DESERT RIDGE - PHOENIX, AZ","Veenu Gupta","XXXX-XXXXXX-84016",,,11.48,,,,,,,,
08/05/2019  Mon,,"BT*SHRINERSHOSPITALS - TAMPA, FL","Ashish Gupta","XXXX-XXXXXX-88009",,,19.00,,,,,,,,
08/05/2019  Mon,*,"Eni Service Station 2117 Eni Service S - Salzburg, AU","Ashish Gupta","XXXX-XXXXXX-88009",,,51.15,,,,,,,,
08/05/2019  Mon,,"GROUPON INC - GROUPON.COM, IL","Ashish Gupta","XXXX-XXXXXX-88009",,,25.00,,,,,,,,
08/05/2019  Mon,,"RALPHS - LOS ANGELES, CA","Tanmyaa Gupta","XXXX-XXXXXX-82028",,,9.98,,,,,,,,
08/05/2019  Mon,,"SMASHBURGER - PHOENIX, AZ","Veenu Gupta","XXXX-XXXXXX-84016",,,16.27,,,,,,,,
08/06/2019  Tue,,"Amazon Prime - Amazon.com, WA","Ashish Gupta","XXXX-XXXXXX-88009",,,7.05,,,,,,,,
08/06/2019  Tue,,"SHELL OIL 57441827003 - SCOTTSDALE, AZ","Veenu Gupta","XXXX-XXXXXX-84016",,,20.69,,,,,,,,
08/06/2019  Tue,,"UCLA SELFSERVE PARK 0000 - LOS ANGELES, CA","Tanmyaa Gupta","XXXX-XXXXXX-82028",,,2.00,,,,,,,,
08/06/2019  Tue,,"UCLA STORE 0000 - LOS ANGELES, CA","Tanmyaa Gupta","XXXX-XXXXXX-82028",,,4.04,,,,,,,,
08/06/2019  Tue,,"WAL-MART SUPERCENTER 1598 1598 - PHOENIX, AZ","Veenu Gupta","XXXX-XXXXXX-84016",,,47.35,,,,,,,,
08/06/2019  Tue,,"YOSHINOYA QPS 000004136 - NORTH HOLLYWO, CA","Tanmyaa Gupta","XXXX-XXXXXX-82028",,,8.48,,,,,,,,
08/07/2019  Wed,,"BAPS SHAYONA - CHICAGO 650000008446570 - BARTLETT, IL","Ashish Gupta","XXXX-XXXXXX-88009",,,6.00,,,,,,,,
08/07/2019  Wed,,"BAPS SHAYONA - CHICAGO 650000008446570 - BARTLETT, IL","Ashish Gupta","XXXX-XXXXXX-88009",,,18.68,,,,,,,,
08/07/2019  Wed,,"BOLLYWOOD CAFE - NAPERVILLE, IL","Ashish Gupta","XXXX-XXXXXX-88009",,,22.46,,,,,,,,
08/07/2019  Wed,,"BROOKS BROTHERS - AURORA, IL","Ashish Gupta","XXXX-XXXXXX-88009",,,31.93,,,,,,,,
08/07/2019  Wed,,"CHICAGO SKYWAY EAST - CHICAGO, IL","Ashish Gupta","XXXX-XXXXXX-88009",,,5.30,,,,,,,,
08/07/2019  Wed,,"ELYSEE BAKERY & CAFE 0000 - LOS ANGELES, CA","Tanmyaa Gupta","XXXX-XXXXXX-82028",,,10.48,,,,,,,,
08/07/2019  Wed,,"ITR WESTPOINT TOLLS - GRANGER, IN","Ashish Gupta","XXXX-XXXXXX-88009",,,2.60,,,,,,,,
08/07/2019  Wed,,"LYFT - RIDERS - SAN FRANCISCO, CA","Ashish Gupta","XXXX-XXXXXX-88009",,,-5.00,,,,,,,,
08/07/2019  Wed,,"LYFT - RIDERS 0000 - SAN FRANCISCO, CA","Ashish Gupta","XXXX-XXXXXX-88009",,,5.00,,,,,,,,
08/08/2019  Thu,*,"3CPAYMENT*EUROPCAR MUENCHEN-FLUGH MUCT - MUENCHEN-FLUGHAFEN, DE","Ashish Gupta","XXXX-XXXXXX-88009",,,78.61,,,,,,,,
08/08/2019  Thu,,"DHL EXPRESS USA INC VIRT - WESTON, FL","Veenu Gupta","XXXX-XXXXXX-84016",,,23.00,,,,,,,,
08/08/2019  Thu,,"ITR MISHAWAKA TOLLS - GRANGER, IN","Ashish Gupta","XXXX-XXXXXX-88009",,,4.20,,,,,,,,
08/08/2019  Thu,,"KRAVMAGA & FITNESS CTR 0771 - PHOENIX, AZ","Veenu Gupta","XXXX-XXXXXX-84016",,,169.00,,,,,,,,
08/08/2019  Thu,,"LYFT - RIDERS 0000 - SAN FRANCISCO, CA","Ashish Gupta","XXXX-XXXXXX-88009",,,13.77,,,,,,,,
08/08/2019  Thu,,"RALPHS - LOS ANGELES, CA","Tanmyaa Gupta","XXXX-XXXXXX-82028",,,48.40,,,,,,,,
08/08/2019  Thu,,"SPEEDWAY - 1-800-643-1948, OH","Ashish Gupta","XXXX-XXXXXX-88009",,,2.99,,,,,,,,
08/08/2019  Thu,,"UCLA RESTAURANTS 0000 - LOS ANGELES, CA","Tanmyaa Gupta","XXXX-XXXXXX-82028",,,4.25,,,,,,,,
08/09/2019  Fri,,"THE INDIA GARDEN RESTAUR 0000 - MISHAWAKA, IN","Ashish Gupta","XXXX-XXXXXX-88009",,,23.50,,,,,,,,
08/10/2019  Sat,,"BP#8936247KRIS TOUHY AUT 8936 - PARK RIDGE, IL","Ashish Gupta","XXXX-XXXXXX-88009",,,17.12,,,,,,,,
08/10/2019  Sat,,"IN N OUT BURGER 119 650000009326425 - LOS ANGELES, CA","Tanmyaa Gupta","XXXX-XXXXXX-82028",,,14.78,,,,,,,,
08/10/2019  Sat,,"ITR PORTAGE TOLLS - GRANGER, IN","Ashish Gupta","XXXX-XXXXXX-88009",,,3.50,,,,,,,,
08/10/2019  Sat,,"ITR WESTPOINT TOLLS - GRANGER, IN","Ashish Gupta","XXXX-XXXXXX-88009",,,5.50,,,,,,,,
08/10/2019  Sat,,"PREM CAR RENTAL PROTECTION 800-326-2078","Ashish Gupta","XXXX-XXXXXX-88009",,,19.95,,,,,,,,
08/10/2019  Sat,,"SPEEDWAY - 1-800-643-1949, OH","Ashish Gupta","XXXX-XXXXXX-88009",,,38.96,,,,,,,,
08/10/2019  Sat,,"STARBUCKS STORE 0549 - LOS ANGELES, CA","Tanmyaa Gupta","XXXX-XXXXXX-82028",,,4.45,,,,,,,,
08/11/2019  Sun,,"HAMPTON INN AND SUITES SOUTH B HAMPTON - SOUTH BEND, IN","Ashish Gupta","XXXX-XXXXXX-88009",,,223.74,,,,,,,,
08/11/2019  Sun,,"LYFT - RIDERS 0000 - SAN FRANCISCO, CA","Ashish Gupta","XXXX-XXXXXX-88009",,,59.89,,,,,,,,
08/12/2019  Mon,,"UPSIDE DOWN - LOS ANGELES, CA","Tanmyaa Gupta","XXXX-XXXXXX-82028",,,3.50,,,,,,,,
08/13/2019  Tue,,"BROOKS BROTHERS - GLENDALE, AZ","Ashish Gupta","XXXX-XXXXXX-88009",,,-31.93,,,,,,,,
08/13/2019  Tue,,"PANDA EXPRESS - PEORIA, AZ","Ashish Gupta","XXXX-XXXXXX-88009",,,10.26,,,,,,,,
08/14/2019  Wed,,"TURMERIC CASH N CARRY - PHOENIX, AZ","Veenu Gupta","XXXX-XXXXXX-84016",,,5.97,,,,,,,,
08/15/2019  Thu,,"AMEX CAFE 116062 93709116062 - PHOENIX, AZ","Ashish Gupta","XXXX-XXXXXX-88009",,,12.15,,,,,,,,
08/15/2019  Thu,,"BATH AND BODY WORKS 5442 5442 - GLENDALE, AZ","Veenu Gupta","XXXX-XXXXXX-84016",,,13.63,,,,,,,,
08/15/2019  Thu,,"INDIA LD / FCP 0133 - COSTA MESA, CA","Ashish Gupta","XXXX-XXXXXX-88009",,,4.38,,,,,,,,
08/15/2019  Thu,,"INDIA LD / FCP 0133 - COSTA MESA, CA","Ashish Gupta","XXXX-XXXXXX-88009",,,8.77,,,,,,,,
08/15/2019  Thu,,"MICHAEL KORS - 197 197 - PHOENIX, AZ","Veenu Gupta","XXXX-XXXXXX-84016",,,65.16,,,,,,,,
08/15/2019  Thu,,"Southwest Airlines - DALLAS, TX","Ashish Gupta","XXXX-XXXXXX-88009",,,217.96,,,,,,,,
08/16/2019  Fri,,"CHICK-FIL-A #01664 000000000401434 - PEORIA, AZ","Ashish Gupta","XXXX-XXXXXX-88009",,,24.61,,,,,,,,
08/16/2019  Fri,,"LUPITA'S HOT DOGS 0000 - PHOENIX, AZ","Ashish Gupta","XXXX-XXXXXX-88009",,,13.50,,,,,,,,
08/16/2019  Fri,,"ROSS DRESS FOR LESS - PEORIA, AZ","Veenu Gupta","XXXX-XXXXXX-84016",,,98.32,,,,,,,,
08/16/2019  Fri,,"UCLA RESTAURANTS 0000 - LOS ANGELES, CA","Tanmyaa Gupta","XXXX-XXXXXX-82028",,,2.60,,,,,,,,
08/16/2019  Fri,,"UCLA RESTAURANTS 0000 - LOS ANGELES, CA","Tanmyaa Gupta","XXXX-XXXXXX-82028",,,9.90,,,,,,,,
08/17/2019  Sat,*,"BRITISH AIRWAYS - GURGAON, HA","Ashish Gupta","XXXX-XXXXXX-88009",,,153.58,,,,,,,,
08/17/2019  Sat,,"NETFLIX.COM - 866-579-7172, CA","Ashish Gupta","XXXX-XXXXXX-88009",,,14.11,,,,,,,,
08/17/2019  Sat,,"PAYPAL *ADAYORNIGHT - 4029357733, AZ","Veenu Gupta","XXXX-XXXXXX-84016",,,150.00,,,,,,,,
08/17/2019  Sat,,"RASPADOS SOLARIS - Phoenix, AZ","Ashish Gupta","XXXX-XXXXXX-88009",,,8.60,,,,,,,,
08/17/2019  Sat,,"SAM'S CLUB 6608 6608 - PHOENIX, AZ","Ashish Gupta","XXXX-XXXXXX-88009",,,169.98,,,,,,,,
08/17/2019  Sat,,"SAMS CLUB FUEL#6608 6608 - PHOENIX, AZ","Veenu Gupta","XXXX-XXXXXX-84016",,,42.77,,,,,,,,
08/17/2019  Sat,,"SKYHARBORPARKINGTERM - PHOENIX, AZ","Ashish Gupta","XXXX-XXXXXX-88009",,,3.00,,,,,,,,
08/18/2019  Sun,,"AUTOPAY PAYMENT - THANK YOU","Ashish Gupta","XXXX-XXXXXX-88009",,,-761.16,,,,,,,,
08/19/2019  Mon,,"AMZN MKTP US*MO48S9ZQ1 - AMZN.COM/BILL, WA","Ashish Gupta","XXXX-XXXXXX-88009",,,49.99,,,,,,,,
08/19/2019  Mon,,"UCLA RESTAURANTS 0000 - LOS ANGELES, CA","Tanmyaa Gupta","XXXX-XXXXXX-82028",,,3.65,,,,,,,,
08/20/2019  Tue,,"CAFE RIO SCOTTSDALE 0094 - SCOTTSDALE, AZ","Ashish Gupta","XXXX-XXXXXX-88009",,,8.07,,,,,,,,
08/20/2019  Tue,,"MCDONALD'S F16274 000000000366012 - SCOTTSDALE, AZ","Ashish Gupta","XXXX-XXXXXX-88009",,,1.29,,,,,,,,
08/21/2019  Wed,,"AMAZON MKTPL*MO9MJ0TS1 - AMZN.COM/BILL, WA","Ashish Gupta","XXXX-XXXXXX-88009",,,4.99,,,,,,,,
08/21/2019  Wed,,"AMZN MKTP US*MA2BI0YU0 - AMZN.COM/BILL, WA","Ashish Gupta","XXXX-XXXXXX-88009",,,39.50,,,,,,,,
08/23/2019  Fri,,"AMZN MKTP US*MO7YP2G02 - AMZN.COM/BILL, WA","Ashish Gupta","XXXX-XXXXXX-88009",,,36.68,,,,,,,,
08/23/2019  Fri,,"PANDA EXPRESS #2659 2659 - PHOENIX, AZ","Ashish Gupta","XXXX-XXXXXX-88009",,,11.57,,,,,,,,
08/23/2019  Fri,,"RELIANCE COMMUN Reliance Commun - NEW YORK, NY","Ashish Gupta","XXXX-XXXXXX-88009",,,7.61,,,,,,,,
08/24/2019  Sat,,"AMZN MKTP US - AMZN.COM/BILL, WA","Ashish Gupta","XXXX-XXXXXX-88009",,,-49.99,,,,,,,,
08/24/2019  Sat,,"TURMERIC CASH N CARRY - PHOENIX, AZ","Ashish Gupta","XXXX-XXXXXX-88009",,,12.96,,,,,,,,
08/24/2019  Sat,,"WWW.OOMA.COM - 888-711-6662, CA","Ashish Gupta","XXXX-XXXXXX-88009",,,5.23,,,,,,,,
08/27/2019  Tue,,"STATE FARM INSURANCE - BLOOMINGTON, IL","Ashish Gupta","XXXX-XXXXXX-88009",,,355.31,,,,,,,,
08/27/2019  Tue,,"UCLA RESTAURANTS 0000 - LOS ANGELES, CA","Tanmyaa Gupta","XXXX-XXXXXX-82028",,,3.75,,,,,,,,
08/27/2019  Tue,,"UCLA RESTAURANTS 0000 - LOS ANGELES, CA","Tanmyaa Gupta","XXXX-XXXXXX-82028",,,7.34,,,,,,,,
08/28/2019  Wed,,"LYFT *RIDE WED 4PM - SAN FRANCISCO, CA","Tanmyaa Gupta","XXXX-XXXXXX-82028",,,7.00,,,,,,,,
08/28/2019  Wed,,"MR NOODLE - LOS ANGELE - PLAYA VISTA, CA","Tanmyaa Gupta","XXXX-XXXXXX-82028",,,19.00,,,,,,,,
08/28/2019  Wed,,"THE BOMBAY FRANKIE COM - PLAYA VISTA, CA","Ashish Gupta","XXXX-XXXXXX-88009",,,57.86,,,,,,,,
08/28/2019  Wed,,"UBER TRIP - HELP.UBER.COM, CA","Tanmyaa Gupta","XXXX-XXXXXX-82028",,,6.60,,,,,,,,
08/28/2019  Wed,,"UCLA STORE 0000 - LOS ANGELES, CA","Tanmyaa Gupta","XXXX-XXXXXX-82028",,,0.27,,,,,,,,
08/29/2019  Thu,,"CASA DE FALAFEL 0000 - PEORIA, AZ","Ashish Gupta","XXXX-XXXXXX-88009",,,4.09,,,,,,,,
08/29/2019  Thu,,"SHELL OIL 10016485012 - PEORIA, AZ","Ashish Gupta","XXXX-XXXXXX-88009",,,1.61,,,,,,,,
08/29/2019  Thu,,"UBER TRIP - HELP.UBER.COM, CA","Tanmyaa Gupta","XXXX-XXXXXX-82028",,,1.00,,,,,,,,
08/29/2019  Thu,,"UBER TRIP - HELP.UBER.COM, CA","Tanmyaa Gupta","XXXX-XXXXXX-82028",,,5.45,,,,,,,,
08/30/2019  Fri,,"DOMINO'S PIZZA - LOS ANGELES, CA","Tanmyaa Gupta","XXXX-XXXXXX-82028",,,36.00,,,,,,,,
08/30/2019  Fri,,"TENDERGREENS 18 TENDERGREENS 18 - LOS ANGELES, CA","Tanmyaa Gupta","XXXX-XXXXXX-82028",,,9.31,,,,,,,,
08/31/2019  Sat,,"B&N MEMBERSHIP RENEWAL - BN.COM/Membership, NY","Veenu Gupta","XXXX-XXXXXX-84016",,,27.15,,,,,,,,
08/31/2019  Sat,,"LYFT *RIDE FRI 10AM - SAN FRANCISCO, CA","Tanmyaa Gupta","XXXX-XXXXXX-82028",,,11.00,,,,,,,,
08/31/2019  Sat,,"TARGET LA WESTWOOD 2774 - LOS ANGELES, CA","Tanmyaa Gupta","XXXX-XXXXXX-82028",,,15.32,,,,,,,,
08/31/2019  Sat,,"USPS KIOSK 0363739550 001433173 - PHOENIX, AZ","Ashish Gupta","XXXX-XXXXXX-88009",,,7.35,,,,,,,,
